ESPECIE,AÃ±o,Total,Mes,volumen_centolla,Puerto,area_geografica,tipo_arte,horas_pesca,embarcaciones_activas,temp_promedio,veda_centolla
CENTOLLA,2020,127.0,1,-,Punta Arenas,Magallanes,trampas,216,6,19.27,0
CENTOLLA,2020,127.0,1,-,Punta Arenas,Magallanes,trampas,216,6,17.23,0
CENTOLLA,2020,127.0,1,-,Punta Arenas,Magallanes,trampas,216,6,19.55,0
CENTOLLA,2020,127.0,1,-,Punta Arenas,Magallanes,trampas,216,6,17.28,0
CENTOLLA,2020,127.0,1,-,Punta Arenas,Magallanes,trampas,216,6,24.02,0
CENTOLLA,2020,127.0,1,-,Punta Arenas,Magallanes,trampas,216,6,17.23,0
CENTOLLA,2020,127.0,1,-,Punta Arenas,Magallanes,trampas,216,6,18.07,0
CENTOLLA,2020,127.0,1,-,Punta Arenas,Magallanes,trampas,216,6,19.09,0
CENTOLLA,2020,127.0,1,-,Punta Arenas,Magallanes,trampas,216,6,15.6,0
CENTOLLA,2020,127.0,1,-,Punta Arenas,Magallanes,trampas,216,6,15.56,0
CENTOLLA,2020,127.0,1,-,Punta Arenas,Magallanes,trampas,216,6,14.01,0
CENTOLLA,2020,127.0,1,-,Punta Arenas,Magallanes,trampas,216,6,14.14,0
CENTOLLA,2020,127.0,1,-,Punta Arenas,Magallanes,trampas,216,6,15.08,0
CENTOLLA,2020,127.0,1,-,Punta Arenas,Magallanes,trampas,216,6,14.56,0
CENTOLLA,2020,127.0,1,-,Punta Arenas,Magallanes,trampas,216,6,15.44,0
CENTOLLA,2020,127.0,1,-,Punta Arenas,Magallanes,trampas,216,6,9.28,0
CENTOLLA,2021,72.0,1,-,Punta Arenas,Magallanes,trampas,291,9,19.13,0
CENTOLLA,2021,72.0,1,-,Punta Arenas,Magallanes,trampas,291,9,16.66,0
CENTOLLA,2021,72.0,1,-,Punta Arenas,Magallanes,trampas,291,9,19.58,0
CENTOLLA,2021,72.0,1,-,Punta Arenas,Magallanes,trampas,291,9,18.56,0
CENTOLLA,2021,72.0,1,-,Punta Arenas,Magallanes,trampas,291,9,25.11,0
CENTOLLA,2021,72.0,1,-,Punta Arenas,Magallanes,trampas,291,9,17.06,0
CENTOLLA,2021,72.0,1,-,Punta Arenas,Magallanes,trampas,291,9,17.61,0
CENTOLLA,2021,72.0,1,-,Punta Arenas,Magallanes,trampas,291,9,18.07,0
CENTOLLA,2021,72.0,1,-,Punta Arenas,Magallanes,trampas,291,9,14.79,0
CENTOLLA,2021,72.0,1,-,Punta Arenas,Magallanes,trampas,291,9,15.36,0
CENTOLLA,2021,72.0,1,-,Punta Arenas,Magallanes,trampas,291,9,13.26,0
CENTOLLA,2021,72.0,1,-,Punta Arenas,Magallanes,trampas,291,9,14.01,0
CENTOLLA,2021,72.0,1,-,Punta Arenas,Magallanes,trampas,291,9,14.41,0
CENTOLLA,2021,72.0,1,-,Punta Arenas,Magallanes,trampas,291,9,14.23,0
CENTOLLA,2021,72.0,1,-,Punta Arenas,Magallanes,trampas,291,9,15.14,0
CENTOLLA,2021,72.0,1,-,Punta Arenas,Magallanes,trampas,291,9,8.98,0
CENTOLLA,2022,,1,,Punta Arenas,Magallanes,trampas,289,17,17.94,0
CENTOLLA,2022,,1,,Punta Arenas,Magallanes,trampas,289,17,15.73,0
CENTOLLA,2022,,1,,Punta Arenas,Magallanes,trampas,289,17,19.03,0
CENTOLLA,2022,,1,,Punta Arenas,Magallanes,trampas,289,17,20.22,0
CENTOLLA,2022,,1,,Punta Arenas,Magallanes,trampas,289,17,24.39,0
CENTOLLA,2022,,1,,Punta Arenas,Magallanes,trampas,289,17,16.75,0
CENTOLLA,2022,,1,,Punta Arenas,Magallanes,trampas,289,17,18.37,0
CENTOLLA,2022,,1,,Punta Arenas,Magallanes,trampas,289,17,18.25,0
CENTOLLA,2022,,1,,Punta Arenas,Magallanes,trampas,289,17,13.15,0
CENTOLLA,2022,,1,,Punta Arenas,Magallanes,trampas,289,17,14.57,0
CENTOLLA,2022,,1,,Punta Arenas,Magallanes,trampas,289,17,14.82,0
CENTOLLA,2022,,1,,Punta Arenas,Magallanes,trampas,289,17,15.23,0
CENTOLLA,2022,,1,,Punta Arenas,Magallanes,trampas,289,17,13.55,0
CENTOLLA,2022,,1,,Punta Arenas,Magallanes,trampas,289,17,14.93,0
CENTOLLA,2022,,1,,Punta Arenas,Magallanes,trampas,289,17,16.06,0
CENTOLLA,2022,,1,,Punta Arenas,Magallanes,trampas,289,17,9.38,0
CENTOLLA,2022,,1,,Punta Arenas,Magallanes,trampas,289,17,9.03,0
CENTOLLA,2023,,1,,Punta Arenas,Magallanes,trampas,172,7,18.18,0
CENTOLLA,2023,,1,,Punta Arenas,Magallanes,trampas,172,7,16.15,0
CENTOLLA,2023,,1,,Punta Arenas,Magallanes,trampas,172,7,19.86,0
CENTOLLA,2023,,1,,Punta Arenas,Magallanes,trampas,172,7,24.89,0
CENTOLLA,2023,,1,,Punta Arenas,Magallanes,trampas,172,7,17.51,0
CENTOLLA,2023,,1,,Punta Arenas,Magallanes,trampas,172,7,17.85,0
CENTOLLA,2023,,1,,Punta Arenas,Magallanes,trampas,172,7,18.89,0
CENTOLLA,2023,,1,,Punta Arenas,Magallanes,trampas,172,7,15.13,0
CENTOLLA,2023,,1,,Punta Arenas,Magallanes,trampas,172,7,16.17,0
CENTOLLA,2023,,1,,Punta Arenas,Magallanes,trampas,172,7,14.01,0
CENTOLLA,2023,,1,,Punta Arenas,Magallanes,trampas,172,7,14.29,0
CENTOLLA,2023,,1,,Punta Arenas,Magallanes,trampas,172,7,14.33,0
CENTOLLA,2023,,1,,Punta Arenas,Magallanes,trampas,172,7,15.68,0
CENTOLLA,2023,,1,,Punta Arenas,Magallanes,trampas,172,7,9.26,0
CENTOLLA,2023,,1,,Punta Arenas,Magallanes,trampas,172,7,9.51,0
CENTOLLA,2024,49.0,1,-,Punta Arenas,Magallanes,trampas,191,16,,0
CENTOLLA,2020,127.0,2,-,Punta Arenas,Magallanes,trampas,199,14,19.86,1
CENTOLLA,2020,127.0,2,-,Punta Arenas,Magallanes,trampas,199,14,17.23,1
CENTOLLA,2020,127.0,2,-,Punta Arenas,Magallanes,trampas,199,14,20.31,1
CENTOLLA,2020,127.0,2,-,Punta Arenas,Magallanes,trampas,199,14,18.91,1
CENTOLLA,2020,127.0,2,-,Punta Arenas,Magallanes,trampas,199,14,24.94,1
CENTOLLA,2020,127.0,2,-,Punta Arenas,Magallanes,trampas,199,14,17.13,1
CENTOLLA,2020,127.0,2,-,Punta Arenas,Magallanes,trampas,199,14,17.85,1
CENTOLLA,2020,127.0,2,-,Punta Arenas,Magallanes,trampas,199,14,19.54,1
CENTOLLA,2020,127.0,2,-,Punta Arenas,Magallanes,trampas,199,14,15.65,1
CENTOLLA,2020,127.0,2,-,Punta Arenas,Magallanes,trampas,199,14,15.73,1
CENTOLLA,2020,127.0,2,-,Punta Arenas,Magallanes,trampas,199,14,13.85,1
CENTOLLA,2020,127.0,2,-,Punta Arenas,Magallanes,trampas,199,14,13.82,1
CENTOLLA,2020,127.0,2,-,Punta Arenas,Magallanes,trampas,199,14,14.69,1
CENTOLLA,2020,127.0,2,-,Punta Arenas,Magallanes,trampas,199,14,14.45,1
CENTOLLA,2020,127.0,2,-,Punta Arenas,Magallanes,trampas,199,14,14.28,1
CENTOLLA,2020,127.0,2,-,Punta Arenas,Magallanes,trampas,199,14,9.77,1
CENTOLLA,2021,72.0,2,-,Punta Arenas,Magallanes,trampas,287,17,17.87,1
CENTOLLA,2021,72.0,2,-,Punta Arenas,Magallanes,trampas,287,17,15.78,1
CENTOLLA,2021,72.0,2,-,Punta Arenas,Magallanes,trampas,287,17,18.78,1
CENTOLLA,2021,72.0,2,-,Punta Arenas,Magallanes,trampas,287,17,19.83,1
CENTOLLA,2021,72.0,2,-,Punta Arenas,Magallanes,trampas,287,17,25.76,1
CENTOLLA,2021,72.0,2,-,Punta Arenas,Magallanes,trampas,287,17,16.35,1
CENTOLLA,2021,72.0,2,-,Punta Arenas,Magallanes,trampas,287,17,17.66,1
CENTOLLA,2021,72.0,2,-,Punta Arenas,Magallanes,trampas,287,17,19.35,1
CENTOLLA,2021,72.0,2,-,Punta Arenas,Magallanes,trampas,287,17,14.8,1
CENTOLLA,2021,72.0,2,-,Punta Arenas,Magallanes,trampas,287,17,15.36,1
CENTOLLA,2021,72.0,2,-,Punta Arenas,Magallanes,trampas,287,17,15.65,1
CENTOLLA,2021,72.0,2,-,Punta Arenas,Magallanes,trampas,287,17,13.9,1
CENTOLLA,2021,72.0,2,-,Punta Arenas,Magallanes,trampas,287,17,15.41,1
CENTOLLA,2021,72.0,2,-,Punta Arenas,Magallanes,trampas,287,17,14.13,1
CENTOLLA,2021,72.0,2,-,Punta Arenas,Magallanes,trampas,287,17,16.42,1
CENTOLLA,2021,72.0,2,-,Punta Arenas,Magallanes,trampas,287,17,9.5,1
CENTOLLA,2022,,2,,Punta Arenas,Magallanes,trampas,289,17,17.59,1
CENTOLLA,2022,,2,,Punta Arenas,Magallanes,trampas,289,17,15.7,1
CENTOLLA,2022,,2,,Punta Arenas,Magallanes,trampas,289,17,18.9,1
CENTOLLA,2022,,2,,Punta Arenas,Magallanes,trampas,289,17,21.19,1
CENTOLLA,2022,,2,,Punta Arenas,Magallanes,trampas,289,17,24.99,1
CENTOLLA,2022,,2,,Punta Arenas,Magallanes,trampas,289,17,16.47,1
CENTOLLA,2022,,2,,Punta Arenas,Magallanes,trampas,289,17,17.98,1
CENTOLLA,2022,,2,,Punta Arenas,Magallanes,trampas,289,17,18.91,1
CENTOLLA,2022,,2,,Punta Arenas,Magallanes,trampas,289,17,15.83,1
CENTOLLA,2022,,2,,Punta Arenas,Magallanes,trampas,289,17,16.28,1
CENTOLLA,2022,,2,,Punta Arenas,Magallanes,trampas,289,17,14.24,1
CENTOLLA,2022,,2,,Punta Arenas,Magallanes,trampas,289,17,13.6,1
CENTOLLA,2022,,2,,Punta Arenas,Magallanes,trampas,289,17,14.66,1
CENTOLLA,2022,,2,,Punta Arenas,Magallanes,trampas,289,17,14.34,1
CENTOLLA,2022,,2,,Punta Arenas,Magallanes,trampas,289,17,15.55,1
CENTOLLA,2022,,2,,Punta Arenas,Magallanes,trampas,289,17,9.43,1
CENTOLLA,2022,,2,,Punta Arenas,Magallanes,trampas,289,17,9.26,1
CENTOLLA,2023,,2,,Punta Arenas,Magallanes,trampas,266,5,19.81,1
CENTOLLA,2023,,2,,Punta Arenas,Magallanes,trampas,266,5,16.46,1
CENTOLLA,2023,,2,,Punta Arenas,Magallanes,trampas,266,5,20.49,1
CENTOLLA,2023,,2,,Punta Arenas,Magallanes,trampas,266,5,26.15,1
CENTOLLA,2023,,2,,Punta Arenas,Magallanes,trampas,266,5,19.06,1
CENTOLLA,2023,,2,,Punta Arenas,Magallanes,trampas,266,5,18.26,1
CENTOLLA,2023,,2,,Punta Arenas,Magallanes,trampas,266,5,19.78,1
CENTOLLA,2023,,2,,Punta Arenas,Magallanes,trampas,266,5,16.15,1
CENTOLLA,2023,,2,,Punta Arenas,Magallanes,trampas,266,5,15.77,1
CENTOLLA,2023,,2,,Punta Arenas,Magallanes,trampas,266,5,13.27,1
CENTOLLA,2023,,2,,Punta Arenas,Magallanes,trampas,266,5,13.63,1
CENTOLLA,2023,,2,,Punta Arenas,Magallanes,trampas,266,5,14.31,1
CENTOLLA,2023,,2,,Punta Arenas,Magallanes,trampas,266,5,15.61,1
CENTOLLA,2023,,2,,Punta Arenas,Magallanes,trampas,266,5,9.19,1
CENTOLLA,2023,,2,,Punta Arenas,Magallanes,trampas,266,5,9.53,1
CENTOLLA,2024,49.0,2,-,Punta Arenas,Magallanes,trampas,210,11,,1
CENTOLLA,2020,127.0,3,-,Punta Arenas,Magallanes,trampas,203,18,18.91,1
CENTOLLA,2020,127.0,3,-,Punta Arenas,Magallanes,trampas,203,18,17.4,1
CENTOLLA,2020,127.0,3,-,Punta Arenas,Magallanes,trampas,203,18,18.67,1
CENTOLLA,2020,127.0,3,-,Punta Arenas,Magallanes,trampas,203,18,20.34,1
CENTOLLA,2020,127.0,3,-,Punta Arenas,Magallanes,trampas,203,18,24.5,1
CENTOLLA,2020,127.0,3,-,Punta Arenas,Magallanes,trampas,203,18,16.69,1
CENTOLLA,2020,127.0,3,-,Punta Arenas,Magallanes,trampas,203,18,18.09,1
CENTOLLA,2020,127.0,3,-,Punta Arenas,Magallanes,trampas,203,18,19.7,1
CENTOLLA,2020,127.0,3,-,Punta Arenas,Magallanes,trampas,203,18,16.43,1
CENTOLLA,2020,127.0,3,-,Punta Arenas,Magallanes,trampas,203,18,15.96,1
CENTOLLA,2020,127.0,3,-,Punta Arenas,Magallanes,trampas,203,18,14.52,1
CENTOLLA,2020,127.0,3,-,Punta Arenas,Magallanes,trampas,203,18,13.7,1
CENTOLLA,2020,127.0,3,-,Punta Arenas,Magallanes,trampas,203,18,14.62,1
CENTOLLA,2020,127.0,3,-,Punta Arenas,Magallanes,trampas,203,18,14.31,1
CENTOLLA,2020,127.0,3,-,Punta Arenas,Magallanes,trampas,203,18,14.21,1
CENTOLLA,2020,127.0,3,-,Punta Arenas,Magallanes,trampas,203,18,9.55,1
CENTOLLA,2021,72.0,3,-,Punta Arenas,Magallanes,trampas,120,6,18.38,1
CENTOLLA,2021,72.0,3,-,Punta Arenas,Magallanes,trampas,120,6,16.05,1
CENTOLLA,2021,72.0,3,-,Punta Arenas,Magallanes,trampas,120,6,19.26,1
CENTOLLA,2021,72.0,3,-,Punta Arenas,Magallanes,trampas,120,6,20.41,1
CENTOLLA,2021,72.0,3,-,Punta Arenas,Magallanes,trampas,120,6,25.44,1
CENTOLLA,2021,72.0,3,-,Punta Arenas,Magallanes,trampas,120,6,15.97,1
CENTOLLA,2021,72.0,3,-,Punta Arenas,Magallanes,trampas,120,6,17.66,1
CENTOLLA,2021,72.0,3,-,Punta Arenas,Magallanes,trampas,120,6,19.7,1
CENTOLLA,2021,72.0,3,-,Punta Arenas,Magallanes,trampas,120,6,14.72,1
CENTOLLA,2021,72.0,3,-,Punta Arenas,Magallanes,trampas,120,6,14.84,1
CENTOLLA,2021,72.0,3,-,Punta Arenas,Magallanes,trampas,120,6,14.64,1
CENTOLLA,2021,72.0,3,-,Punta Arenas,Magallanes,trampas,120,6,13.41,1
CENTOLLA,2021,72.0,3,-,Punta Arenas,Magallanes,trampas,120,6,13.98,1
CENTOLLA,2021,72.0,3,-,Punta Arenas,Magallanes,trampas,120,6,13.74,1
CENTOLLA,2021,72.0,3,-,Punta Arenas,Magallanes,trampas,120,6,14.2,1
CENTOLLA,2021,72.0,3,-,Punta Arenas,Magallanes,trampas,120,6,9.1,1
CENTOLLA,2022,,3,,Punta Arenas,Magallanes,trampas,274,5,17.48,1
CENTOLLA,2022,,3,,Punta Arenas,Magallanes,trampas,274,5,15.3,1
CENTOLLA,2022,,3,,Punta Arenas,Magallanes,trampas,274,5,17.54,1
CENTOLLA,2022,,3,,Punta Arenas,Magallanes,trampas,274,5,25.01,1
CENTOLLA,2022,,3,,Punta Arenas,Magallanes,trampas,274,5,16.46,1
CENTOLLA,2022,,3,,Punta Arenas,Magallanes,trampas,274,5,16.95,1
CENTOLLA,2022,,3,,Punta Arenas,Magallanes,trampas,274,5,18.87,1
CENTOLLA,2022,,3,,Punta Arenas,Magallanes,trampas,274,5,13.65,1
CENTOLLA,2022,,3,,Punta Arenas,Magallanes,trampas,274,5,13.54,1
CENTOLLA,2022,,3,,Punta Arenas,Magallanes,trampas,274,5,13.61,1
CENTOLLA,2022,,3,,Punta Arenas,Magallanes,trampas,274,5,13.7,1
CENTOLLA,2022,,3,,Punta Arenas,Magallanes,trampas,274,5,13.43,1
CENTOLLA,2022,,3,,Punta Arenas,Magallanes,trampas,274,5,12.61,1
CENTOLLA,2022,,3,,Punta Arenas,Magallanes,trampas,274,5,9.1,1
CENTOLLA,2022,,3,,Punta Arenas,Magallanes,trampas,274,5,8.67,1
CENTOLLA,2023,,3,,Punta Arenas,Magallanes,trampas,117,12,19.48,1
CENTOLLA,2023,,3,,Punta Arenas,Magallanes,trampas,117,12,17.48,1
CENTOLLA,2023,,3,,Punta Arenas,Magallanes,trampas,117,12,20.13,1
CENTOLLA,2023,,3,,Punta Arenas,Magallanes,trampas,117,12,25.75,1
CENTOLLA,2023,,3,,Punta Arenas,Magallanes,trampas,117,12,16.86,1
CENTOLLA,2023,,3,,Punta Arenas,Magallanes,trampas,117,12,18.45,1
CENTOLLA,2023,,3,,Punta Arenas,Magallanes,trampas,117,12,19.81,1
CENTOLLA,2023,,3,,Punta Arenas,Magallanes,trampas,117,12,15.87,1
CENTOLLA,2023,,3,,Punta Arenas,Magallanes,trampas,117,12,15.51,1
CENTOLLA,2023,,3,,Punta Arenas,Magallanes,trampas,117,12,14.54,1
CENTOLLA,2023,,3,,Punta Arenas,Magallanes,trampas,117,12,13.44,1
CENTOLLA,2023,,3,,Punta Arenas,Magallanes,trampas,117,12,13.35,1
CENTOLLA,2023,,3,,Punta Arenas,Magallanes,trampas,117,12,12.36,1
CENTOLLA,2023,,3,,Punta Arenas,Magallanes,trampas,117,12,8.56,1
CENTOLLA,2023,,3,,Punta Arenas,Magallanes,trampas,117,12,8.23,1
CENTOLLA,2024,49.0,3,-,Punta Arenas,Magallanes,trampas,287,13,,1
CENTOLLA,2020,127.0,4,-,Punta Arenas,Magallanes,trampas,251,8,18.04,1
CENTOLLA,2020,127.0,4,-,Punta Arenas,Magallanes,trampas,251,8,16.99,1
CENTOLLA,2020,127.0,4,-,Punta Arenas,Magallanes,trampas,251,8,18.05,1
CENTOLLA,2020,127.0,4,-,Punta Arenas,Magallanes,trampas,251,8,19.87,1
CENTOLLA,2020,127.0,4,-,Punta Arenas,Magallanes,trampas,251,8,23.77,1
CENTOLLA,2020,127.0,4,-,Punta Arenas,Magallanes,trampas,251,8,17.36,1
CENTOLLA,2020,127.0,4,-,Punta Arenas,Magallanes,trampas,251,8,16.1,1
CENTOLLA,2020,127.0,4,-,Punta Arenas,Magallanes,trampas,251,8,18.33,1
CENTOLLA,2020,127.0,4,-,Punta Arenas,Magallanes,trampas,251,8,14.61,1
CENTOLLA,2020,127.0,4,-,Punta Arenas,Magallanes,trampas,251,8,14.01,1
CENTOLLA,2020,127.0,4,-,Punta Arenas,Magallanes,trampas,251,8,13.59,1
CENTOLLA,2020,127.0,4,-,Punta Arenas,Magallanes,trampas,251,8,12.5,1
CENTOLLA,2020,127.0,4,-,Punta Arenas,Magallanes,trampas,251,8,12.9,1
CENTOLLA,2020,127.0,4,-,Punta Arenas,Magallanes,trampas,251,8,13.16,1
CENTOLLA,2020,127.0,4,-,Punta Arenas,Magallanes,trampas,251,8,11.95,1
CENTOLLA,2020,127.0,4,-,Punta Arenas,Magallanes,trampas,251,8,8.71,1
CENTOLLA,2021,72.0,4,-,Punta Arenas,Magallanes,trampas,260,9,17.07,1
CENTOLLA,2021,72.0,4,-,Punta Arenas,Magallanes,trampas,260,9,15.8,1
CENTOLLA,2021,72.0,4,-,Punta Arenas,Magallanes,trampas,260,9,17.1,1
CENTOLLA,2021,72.0,4,-,Punta Arenas,Magallanes,trampas,260,9,19.93,1
CENTOLLA,2021,72.0,4,-,Punta Arenas,Magallanes,trampas,260,9,24.6,1
CENTOLLA,2021,72.0,4,-,Punta Arenas,Magallanes,trampas,260,9,15.69,1
CENTOLLA,2021,72.0,4,-,Punta Arenas,Magallanes,trampas,260,9,15.54,1
CENTOLLA,2021,72.0,4,-,Punta Arenas,Magallanes,trampas,260,9,18.92,1
CENTOLLA,2021,72.0,4,-,Punta Arenas,Magallanes,trampas,260,9,13.9,1
CENTOLLA,2021,72.0,4,-,Punta Arenas,Magallanes,trampas,260,9,13.52,1
CENTOLLA,2021,72.0,4,-,Punta Arenas,Magallanes,trampas,260,9,13.53,1
CENTOLLA,2021,72.0,4,-,Punta Arenas,Magallanes,trampas,260,9,13.12,1
CENTOLLA,2021,72.0,4,-,Punta Arenas,Magallanes,trampas,260,9,11.48,1
CENTOLLA,2021,72.0,4,-,Punta Arenas,Magallanes,trampas,260,9,12.9,1
CENTOLLA,2021,72.0,4,-,Punta Arenas,Magallanes,trampas,260,9,11.91,1
CENTOLLA,2021,72.0,4,-,Punta Arenas,Magallanes,trampas,260,9,8.41,1
CENTOLLA,2022,,4,,Punta Arenas,Magallanes,trampas,289,13,16.63,1
CENTOLLA,2022,,4,,Punta Arenas,Magallanes,trampas,289,13,15.54,1
CENTOLLA,2022,,4,,Punta Arenas,Magallanes,trampas,289,13,16.36,1
CENTOLLA,2022,,4,,Punta Arenas,Magallanes,trampas,289,13,19.38,1
CENTOLLA,2022,,4,,Punta Arenas,Magallanes,trampas,289,13,23.91,1
CENTOLLA,2022,,4,,Punta Arenas,Magallanes,trampas,289,13,15.44,1
CENTOLLA,2022,,4,,Punta Arenas,Magallanes,trampas,289,13,15.06,1
CENTOLLA,2022,,4,,Punta Arenas,Magallanes,trampas,289,13,17.47,1
CENTOLLA,2022,,4,,Punta Arenas,Magallanes,trampas,289,13,12.83,1
CENTOLLA,2022,,4,,Punta Arenas,Magallanes,trampas,289,13,12.39,1
CENTOLLA,2022,,4,,Punta Arenas,Magallanes,trampas,289,13,12.49,1
CENTOLLA,2022,,4,,Punta Arenas,Magallanes,trampas,289,13,12.12,1
CENTOLLA,2022,,4,,Punta Arenas,Magallanes,trampas,289,13,11.86,1
CENTOLLA,2022,,4,,Punta Arenas,Magallanes,trampas,289,13,10.81,1
CENTOLLA,2022,,4,,Punta Arenas,Magallanes,trampas,289,13,8.26,1
CENTOLLA,2022,,4,,Punta Arenas,Magallanes,trampas,289,13,7.51,1
CENTOLLA,2023,,4,,Punta Arenas,Magallanes,trampas,231,7,18.52,1
CENTOLLA,2023,,4,,Punta Arenas,Magallanes,trampas,231,7,16.8,1
CENTOLLA,2023,,4,,Punta Arenas,Magallanes,trampas,231,7,18.72,1
CENTOLLA,2023,,4,,Punta Arenas,Magallanes,trampas,231,7,21.19,1
CENTOLLA,2023,,4,,Punta Arenas,Magallanes,trampas,231,7,24.34,1
CENTOLLA,2023,,4,,Punta Arenas,Magallanes,trampas,231,7,16.24,1
CENTOLLA,2023,,4,,Punta Arenas,Magallanes,trampas,231,7,16.15,1
CENTOLLA,2023,,4,,Punta Arenas,Magallanes,trampas,231,7,19.45,1
CENTOLLA,2023,,4,,Punta Arenas,Magallanes,trampas,231,7,13.67,1
CENTOLLA,2023,,4,,Punta Arenas,Magallanes,trampas,231,7,13.25,1
CENTOLLA,2023,,4,,Punta Arenas,Magallanes,trampas,231,7,12.93,1
CENTOLLA,2023,,4,,Punta Arenas,Magallanes,trampas,231,7,12.15,1
CENTOLLA,2023,,4,,Punta Arenas,Magallanes,trampas,231,7,12.49,1
CENTOLLA,2023,,4,,Punta Arenas,Magallanes,trampas,231,7,12.08,1
CENTOLLA,2023,,4,,Punta Arenas,Magallanes,trampas,231,7,10.86,1
CENTOLLA,2023,,4,,Punta Arenas,Magallanes,trampas,231,7,7.76,1
CENTOLLA,2023,,4,,Punta Arenas,Magallanes,trampas,231,7,7.17,1
CENTOLLA,2024,49.0,4,-,Punta Arenas,Magallanes,trampas,298,12,,1
CENTOLLA,2020,127.0,5,-,Punta Arenas,Magallanes,trampas,230,18,17.44,1
CENTOLLA,2020,127.0,5,-,Punta Arenas,Magallanes,trampas,230,18,16.64,1
CENTOLLA,2020,127.0,5,-,Punta Arenas,Magallanes,trampas,230,18,16.9,1
CENTOLLA,2020,127.0,5,-,Punta Arenas,Magallanes,trampas,230,18,19.18,1
CENTOLLA,2020,127.0,5,-,Punta Arenas,Magallanes,trampas,230,18,22.78,1
CENTOLLA,2020,127.0,5,-,Punta Arenas,Magallanes,trampas,230,18,16.9,1
CENTOLLA,2020,127.0,5,-,Punta Arenas,Magallanes,trampas,230,18,14.85,1
CENTOLLA,2020,127.0,5,-,Punta Arenas,Magallanes,trampas,230,18,17.7,1
CENTOLLA,2020,127.0,5,-,Punta Arenas,Magallanes,trampas,230,18,12.96,1
CENTOLLA,2020,127.0,5,-,Punta Arenas,Magallanes,trampas,230,18,12.53,1
CENTOLLA,2020,127.0,5,-,Punta Arenas,Magallanes,trampas,230,18,13.65,1
CENTOLLA,2020,127.0,5,-,Punta Arenas,Magallanes,trampas,230,18,13.7,1
CENTOLLA,2020,127.0,5,-,Punta Arenas,Magallanes,trampas,230,18,11.64,1
CENTOLLA,2020,127.0,5,-,Punta Arenas,Magallanes,trampas,230,18,12.97,1
CENTOLLA,2020,127.0,5,-,Punta Arenas,Magallanes,trampas,230,18,10.04,1
CENTOLLA,2020,127.0,5,-,Punta Arenas,Magallanes,trampas,230,18,7.81,1
CENTOLLA,2021,72.0,5,-,Punta Arenas,Magallanes,trampas,157,12,16.63,1
CENTOLLA,2021,72.0,5,-,Punta Arenas,Magallanes,trampas,157,12,15.59,1
CENTOLLA,2021,72.0,5,-,Punta Arenas,Magallanes,trampas,157,12,16.0,1
CENTOLLA,2021,72.0,5,-,Punta Arenas,Magallanes,trampas,157,12,23.03,1
CENTOLLA,2021,72.0,5,-,Punta Arenas,Magallanes,trampas,157,12,15.07,1
CENTOLLA,2021,72.0,5,-,Punta Arenas,Magallanes,trampas,157,12,14.97,1
CENTOLLA,2021,72.0,5,-,Punta Arenas,Magallanes,trampas,157,12,17.21,1
CENTOLLA,2021,72.0,5,-,Punta Arenas,Magallanes,trampas,157,12,14.17,1
CENTOLLA,2021,72.0,5,-,Punta Arenas,Magallanes,trampas,157,12,13.41,1
CENTOLLA,2021,72.0,5,-,Punta Arenas,Magallanes,trampas,157,12,13.17,1
CENTOLLA,2021,72.0,5,-,Punta Arenas,Magallanes,trampas,157,12,12.51,1
CENTOLLA,2021,72.0,5,-,Punta Arenas,Magallanes,trampas,157,12,10.1,1
CENTOLLA,2021,72.0,5,-,Punta Arenas,Magallanes,trampas,157,12,12.06,1
CENTOLLA,2021,72.0,5,-,Punta Arenas,Magallanes,trampas,157,12,10.69,1
CENTOLLA,2021,72.0,5,-,Punta Arenas,Magallanes,trampas,157,12,7.57,1
CENTOLLA,2022,,5,,Punta Arenas,Magallanes,trampas,150,11,16.72,1
CENTOLLA,2022,,5,,Punta Arenas,Magallanes,trampas,150,11,15.33,1
CENTOLLA,2022,,5,,Punta Arenas,Magallanes,trampas,150,11,15.49,1
CENTOLLA,2022,,5,,Punta Arenas,Magallanes,trampas,150,11,18.4,1
CENTOLLA,2022,,5,,Punta Arenas,Magallanes,trampas,150,11,22.59,1
CENTOLLA,2022,,5,,Punta Arenas,Magallanes,trampas,150,11,14.73,1
CENTOLLA,2022,,5,,Punta Arenas,Magallanes,trampas,150,11,14.13,1
CENTOLLA,2022,,5,,Punta Arenas,Magallanes,trampas,150,11,16.89,1
CENTOLLA,2022,,5,,Punta Arenas,Magallanes,trampas,150,11,12.95,1
CENTOLLA,2022,,5,,Punta Arenas,Magallanes,trampas,150,11,12.17,1
CENTOLLA,2022,,5,,Punta Arenas,Magallanes,trampas,150,11,12.22,1
CENTOLLA,2022,,5,,Punta Arenas,Magallanes,trampas,150,11,11.65,1
CENTOLLA,2022,,5,,Punta Arenas,Magallanes,trampas,150,11,11.05,1
CENTOLLA,2022,,5,,Punta Arenas,Magallanes,trampas,150,11,9.5,1
CENTOLLA,2022,,5,,Punta Arenas,Magallanes,trampas,150,11,7.43,1
CENTOLLA,2022,,5,,Punta Arenas,Magallanes,trampas,150,11,6.68,1
CENTOLLA,2023,,5,,Punta Arenas,Magallanes,trampas,188,7,18.77,1
CENTOLLA,2023,,5,,Punta Arenas,Magallanes,trampas,188,7,18.11,1
CENTOLLA,2023,,5,,Punta Arenas,Magallanes,trampas,188,7,16.94,1
CENTOLLA,2023,,5,,Punta Arenas,Magallanes,trampas,188,7,20.12,1
CENTOLLA,2023,,5,,Punta Arenas,Magallanes,trampas,188,7,22.76,1
CENTOLLA,2023,,5,,Punta Arenas,Magallanes,trampas,188,7,15.2,1
CENTOLLA,2023,,5,,Punta Arenas,Magallanes,trampas,188,7,14.55,1
CENTOLLA,2023,,5,,Punta Arenas,Magallanes,trampas,188,7,17.8,1
CENTOLLA,2023,,5,,Punta Arenas,Magallanes,trampas,188,7,12.82,1
CENTOLLA,2023,,5,,Punta Arenas,Magallanes,trampas,188,7,12.69,1
CENTOLLA,2023,,5,,Punta Arenas,Magallanes,trampas,188,7,12.93,1
CENTOLLA,2023,,5,,Punta Arenas,Magallanes,trampas,188,7,11.74,1
CENTOLLA,2023,,5,,Punta Arenas,Magallanes,trampas,188,7,11.0,1
CENTOLLA,2023,,5,,Punta Arenas,Magallanes,trampas,188,7,11.33,1
CENTOLLA,2023,,5,,Punta Arenas,Magallanes,trampas,188,7,9.46,1
CENTOLLA,2023,,5,,Punta Arenas,Magallanes,trampas,188,7,7.13,1
CENTOLLA,2023,,5,,Punta Arenas,Magallanes,trampas,188,7,6.43,1
CENTOLLA,2024,49.0,5,-,Punta Arenas,Magallanes,trampas,271,16,,1
CENTOLLA,2020,127.0,6,-,Punta Arenas,Magallanes,trampas,249,12,16.84,1
CENTOLLA,2020,127.0,6,-,Punta Arenas,Magallanes,trampas,249,12,15.85,1
CENTOLLA,2020,127.0,6,-,Punta Arenas,Magallanes,trampas,249,12,15.83,1
CENTOLLA,2020,127.0,6,-,Punta Arenas,Magallanes,trampas,249,12,18.54,1
CENTOLLA,2020,127.0,6,-,Punta Arenas,Magallanes,trampas,249,12,21.67,1
CENTOLLA,2020,127.0,6,-,Punta Arenas,Magallanes,trampas,249,12,14.24,1
CENTOLLA,2020,127.0,6,-,Punta Arenas,Magallanes,trampas,249,12,14.18,1
CENTOLLA,2020,127.0,6,-,Punta Arenas,Magallanes,trampas,249,12,16.08,1
CENTOLLA,2020,127.0,6,-,Punta Arenas,Magallanes,trampas,249,12,13.2,1
CENTOLLA,2020,127.0,6,-,Punta Arenas,Magallanes,trampas,249,12,12.67,1
CENTOLLA,2020,127.0,6,-,Punta Arenas,Magallanes,trampas,249,12,11.55,1
CENTOLLA,2020,127.0,6,-,Punta Arenas,Magallanes,trampas,249,12,10.96,1
CENTOLLA,2020,127.0,6,-,Punta Arenas,Magallanes,trampas,249,12,11.1,1
CENTOLLA,2020,127.0,6,-,Punta Arenas,Magallanes,trampas,249,12,11.04,1
CENTOLLA,2020,127.0,6,-,Punta Arenas,Magallanes,trampas,249,12,8.87,1
CENTOLLA,2020,127.0,6,-,Punta Arenas,Magallanes,trampas,249,12,6.86,1
CENTOLLA,2021,72.0,6,-,Punta Arenas,Magallanes,trampas,121,14,16.35,1
CENTOLLA,2021,72.0,6,-,Punta Arenas,Magallanes,trampas,121,14,15.49,1
CENTOLLA,2021,72.0,6,-,Punta Arenas,Magallanes,trampas,121,14,15.27,1
CENTOLLA,2021,72.0,6,-,Punta Arenas,Magallanes,trampas,121,14,18.39,1
CENTOLLA,2021,72.0,6,-,Punta Arenas,Magallanes,trampas,121,14,22.1,1
CENTOLLA,2021,72.0,6,-,Punta Arenas,Magallanes,trampas,121,14,14.47,1
CENTOLLA,2021,72.0,6,-,Punta Arenas,Magallanes,trampas,121,14,13.64,1
CENTOLLA,2021,72.0,6,-,Punta Arenas,Magallanes,trampas,121,14,16.28,1
CENTOLLA,2021,72.0,6,-,Punta Arenas,Magallanes,trampas,121,14,12.55,1
CENTOLLA,2021,72.0,6,-,Punta Arenas,Magallanes,trampas,121,14,12.22,1
CENTOLLA,2021,72.0,6,-,Punta Arenas,Magallanes,trampas,121,14,12.22,1
CENTOLLA,2021,72.0,6,-,Punta Arenas,Magallanes,trampas,121,14,11.59,1
CENTOLLA,2021,72.0,6,-,Punta Arenas,Magallanes,trampas,121,14,9.4,1
CENTOLLA,2021,72.0,6,-,Punta Arenas,Magallanes,trampas,121,14,11.09,1
CENTOLLA,2021,72.0,6,-,Punta Arenas,Magallanes,trampas,121,14,8.84,1
CENTOLLA,2021,72.0,6,-,Punta Arenas,Magallanes,trampas,121,14,6.49,1
CENTOLLA,2022,,6,,Punta Arenas,Magallanes,trampas,207,13,16.05,1
CENTOLLA,2022,,6,,Punta Arenas,Magallanes,trampas,207,13,15.63,1
CENTOLLA,2022,,6,,Punta Arenas,Magallanes,trampas,207,13,14.94,1
CENTOLLA,2022,,6,,Punta Arenas,Magallanes,trampas,207,13,21.82,1
CENTOLLA,2022,,6,,Punta Arenas,Magallanes,trampas,207,13,14.34,1
CENTOLLA,2022,,6,,Punta Arenas,Magallanes,trampas,207,13,13.0,1
CENTOLLA,2022,,6,,Punta Arenas,Magallanes,trampas,207,13,15.72,1
CENTOLLA,2022,,6,,Punta Arenas,Magallanes,trampas,207,13,13.01,1
CENTOLLA,2022,,6,,Punta Arenas,Magallanes,trampas,207,13,12.38,1
CENTOLLA,2022,,6,,Punta Arenas,Magallanes,trampas,207,13,11.04,1
CENTOLLA,2022,,6,,Punta Arenas,Magallanes,trampas,207,13,10.26,1
CENTOLLA,2022,,6,,Punta Arenas,Magallanes,trampas,207,13,9.61,1
CENTOLLA,2022,,6,,Punta Arenas,Magallanes,trampas,207,13,9.89,1
CENTOLLA,2022,,6,,Punta Arenas,Magallanes,trampas,207,13,6.48,1
CENTOLLA,2022,,6,,Punta Arenas,Magallanes,trampas,207,13,5.79,1
CENTOLLA,2023,,6,,Punta Arenas,Magallanes,trampas,159,5,19.68,1
CENTOLLA,2023,,6,,Punta Arenas,Magallanes,trampas,159,5,19.45,1
CENTOLLA,2023,,6,,Punta Arenas,Magallanes,trampas,159,5,17.87,1
CENTOLLA,2023,,6,,Punta Arenas,Magallanes,trampas,159,5,19.32,1
CENTOLLA,2023,,6,,Punta Arenas,Magallanes,trampas,159,5,21.75,1
CENTOLLA,2023,,6,,Punta Arenas,Magallanes,trampas,159,5,15.78,1
CENTOLLA,2023,,6,,Punta Arenas,Magallanes,trampas,159,5,14.37,1
CENTOLLA,2023,,6,,Punta Arenas,Magallanes,trampas,159,5,16.44,1
CENTOLLA,2023,,6,,Punta Arenas,Magallanes,trampas,159,5,12.78,1
CENTOLLA,2023,,6,,Punta Arenas,Magallanes,trampas,159,5,12.18,1
CENTOLLA,2023,,6,,Punta Arenas,Magallanes,trampas,159,5,12.3,1
CENTOLLA,2023,,6,,Punta Arenas,Magallanes,trampas,159,5,11.13,1
CENTOLLA,2023,,6,,Punta Arenas,Magallanes,trampas,159,5,10.32,1
CENTOLLA,2023,,6,,Punta Arenas,Magallanes,trampas,159,5,10.48,1
CENTOLLA,2023,,6,,Punta Arenas,Magallanes,trampas,159,5,8.06,1
CENTOLLA,2023,,6,,Punta Arenas,Magallanes,trampas,159,5,6.25,1
CENTOLLA,2023,,6,,Punta Arenas,Magallanes,trampas,159,5,5.76,1
CENTOLLA,2024,49.0,6,-,Punta Arenas,Magallanes,trampas,107,6,,1
CENTOLLA,2020,127.0,7,3,Punta Arenas,Magallanes,trampas,152,18,16.14,1
CENTOLLA,2020,127.0,7,3,Punta Arenas,Magallanes,trampas,152,18,15.37,1
CENTOLLA,2020,127.0,7,3,Punta Arenas,Magallanes,trampas,152,18,15.05,1
CENTOLLA,2020,127.0,7,3,Punta Arenas,Magallanes,trampas,152,18,18.1,1
CENTOLLA,2020,127.0,7,3,Punta Arenas,Magallanes,trampas,152,18,21.11,1
CENTOLLA,2020,127.0,7,3,Punta Arenas,Magallanes,trampas,152,18,13.75,1
CENTOLLA,2020,127.0,7,3,Punta Arenas,Magallanes,trampas,152,18,13.49,1
CENTOLLA,2020,127.0,7,3,Punta Arenas,Magallanes,trampas,152,18,15.04,1
CENTOLLA,2020,127.0,7,3,Punta Arenas,Magallanes,trampas,152,18,13.19,1
CENTOLLA,2020,127.0,7,3,Punta Arenas,Magallanes,trampas,152,18,13.15,1
CENTOLLA,2020,127.0,7,3,Punta Arenas,Magallanes,trampas,152,18,11.59,1
CENTOLLA,2020,127.0,7,3,Punta Arenas,Magallanes,trampas,152,18,10.03,1
CENTOLLA,2020,127.0,7,3,Punta Arenas,Magallanes,trampas,152,18,10.68,1
CENTOLLA,2020,127.0,7,3,Punta Arenas,Magallanes,trampas,152,18,10.56,1
CENTOLLA,2020,127.0,7,3,Punta Arenas,Magallanes,trampas,152,18,9.23,1
CENTOLLA,2020,127.0,7,3,Punta Arenas,Magallanes,trampas,152,18,5.86,1
CENTOLLA,2021,72.0,7,3,Punta Arenas,Magallanes,trampas,188,13,15.92,1
CENTOLLA,2021,72.0,7,3,Punta Arenas,Magallanes,trampas,188,13,15.22,1
CENTOLLA,2021,72.0,7,3,Punta Arenas,Magallanes,trampas,188,13,14.9,1
CENTOLLA,2021,72.0,7,3,Punta Arenas,Magallanes,trampas,188,13,17.55,1
CENTOLLA,2021,72.0,7,3,Punta Arenas,Magallanes,trampas,188,13,20.82,1
CENTOLLA,2021,72.0,7,3,Punta Arenas,Magallanes,trampas,188,13,13.93,1
CENTOLLA,2021,72.0,7,3,Punta Arenas,Magallanes,trampas,188,13,13.18,1
CENTOLLA,2021,72.0,7,3,Punta Arenas,Magallanes,trampas,188,13,15.24,1
CENTOLLA,2021,72.0,7,3,Punta Arenas,Magallanes,trampas,188,13,12.17,1
CENTOLLA,2021,72.0,7,3,Punta Arenas,Magallanes,trampas,188,13,11.85,1
CENTOLLA,2021,72.0,7,3,Punta Arenas,Magallanes,trampas,188,13,11.19,1
CENTOLLA,2021,72.0,7,3,Punta Arenas,Magallanes,trampas,188,13,10.67,1
CENTOLLA,2021,72.0,7,3,Punta Arenas,Magallanes,trampas,188,13,9.19,1
CENTOLLA,2021,72.0,7,3,Punta Arenas,Magallanes,trampas,188,13,10.38,1
CENTOLLA,2021,72.0,7,3,Punta Arenas,Magallanes,trampas,188,13,7.13,1
CENTOLLA,2021,72.0,7,3,Punta Arenas,Magallanes,trampas,188,13,6.54,1
CENTOLLA,2022,,7,,Punta Arenas,Magallanes,trampas,154,12,15.64,1
CENTOLLA,2022,,7,,Punta Arenas,Magallanes,trampas,154,12,15.23,1
CENTOLLA,2022,,7,,Punta Arenas,Magallanes,trampas,154,12,15.22,1
CENTOLLA,2022,,7,,Punta Arenas,Magallanes,trampas,154,12,16.91,1
CENTOLLA,2022,,7,,Punta Arenas,Magallanes,trampas,154,12,21.14,1
CENTOLLA,2022,,7,,Punta Arenas,Magallanes,trampas,154,12,13.92,1
CENTOLLA,2022,,7,,Punta Arenas,Magallanes,trampas,154,12,13.12,1
CENTOLLA,2022,,7,,Punta Arenas,Magallanes,trampas,154,12,14.06,1
CENTOLLA,2022,,7,,Punta Arenas,Magallanes,trampas,154,12,12.89,1
CENTOLLA,2022,,7,,Punta Arenas,Magallanes,trampas,154,12,12.58,1
CENTOLLA,2022,,7,,Punta Arenas,Magallanes,trampas,154,12,10.97,1
CENTOLLA,2022,,7,,Punta Arenas,Magallanes,trampas,154,12,9.48,1
CENTOLLA,2022,,7,,Punta Arenas,Magallanes,trampas,154,12,9.25,1
CENTOLLA,2022,,7,,Punta Arenas,Magallanes,trampas,154,12,8.68,1
CENTOLLA,2022,,7,,Punta Arenas,Magallanes,trampas,154,12,5.84,1
CENTOLLA,2022,,7,,Punta Arenas,Magallanes,trampas,154,12,5.18,1
CENTOLLA,2023,,7,,Punta Arenas,Magallanes,trampas,113,15,18.69,1
CENTOLLA,2023,,7,,Punta Arenas,Magallanes,trampas,113,15,18.29,1
CENTOLLA,2023,,7,,Punta Arenas,Magallanes,trampas,113,15,18.34,1
CENTOLLA,2023,,7,,Punta Arenas,Magallanes,trampas,113,15,18.83,1
CENTOLLA,2023,,7,,Punta Arenas,Magallanes,trampas,113,15,20.8,1
CENTOLLA,2023,,7,,Punta Arenas,Magallanes,trampas,113,15,16.31,1
CENTOLLA,2023,,7,,Punta Arenas,Magallanes,trampas,113,15,14.35,1
CENTOLLA,2023,,7,,Punta Arenas,Magallanes,trampas,113,15,15.4,1
CENTOLLA,2023,,7,,Punta Arenas,Magallanes,trampas,113,15,12.98,1
CENTOLLA,2023,,7,,Punta Arenas,Magallanes,trampas,113,15,12.48,1
CENTOLLA,2023,,7,,Punta Arenas,Magallanes,trampas,113,15,12.31,1
CENTOLLA,2023,,7,,Punta Arenas,Magallanes,trampas,113,15,10.43,1
CENTOLLA,2023,,7,,Punta Arenas,Magallanes,trampas,113,15,10.4,1
CENTOLLA,2023,,7,,Punta Arenas,Magallanes,trampas,113,15,10.16,1
CENTOLLA,2023,,7,,Punta Arenas,Magallanes,trampas,113,15,8.79,1
CENTOLLA,2023,,7,,Punta Arenas,Magallanes,trampas,113,15,5.52,1
CENTOLLA,2023,,7,,Punta Arenas,Magallanes,trampas,113,15,5.36,1
CENTOLLA,2024,49.0,7,14,Punta Arenas,Magallanes,trampas,274,5,,1
CENTOLLA,2020,127.0,8,15,Punta Arenas,Magallanes,trampas,101,11,15.42,1
CENTOLLA,2020,127.0,8,15,Punta Arenas,Magallanes,trampas,101,11,15.09,1
CENTOLLA,2020,127.0,8,15,Punta Arenas,Magallanes,trampas,101,11,15.17,1
CENTOLLA,2020,127.0,8,15,Punta Arenas,Magallanes,trampas,101,11,17.37,1
CENTOLLA,2020,127.0,8,15,Punta Arenas,Magallanes,trampas,101,11,20.62,1
CENTOLLA,2020,127.0,8,15,Punta Arenas,Magallanes,trampas,101,11,14.22,1
CENTOLLA,2020,127.0,8,15,Punta Arenas,Magallanes,trampas,101,11,13.21,1
CENTOLLA,2020,127.0,8,15,Punta Arenas,Magallanes,trampas,101,11,14.85,1
CENTOLLA,2020,127.0,8,15,Punta Arenas,Magallanes,trampas,101,11,11.87,1
CENTOLLA,2020,127.0,8,15,Punta Arenas,Magallanes,trampas,101,11,11.55,1
CENTOLLA,2020,127.0,8,15,Punta Arenas,Magallanes,trampas,101,11,11.77,1
CENTOLLA,2020,127.0,8,15,Punta Arenas,Magallanes,trampas,101,11,10.4,1
CENTOLLA,2020,127.0,8,15,Punta Arenas,Magallanes,trampas,101,11,10.31,1
CENTOLLA,2020,127.0,8,15,Punta Arenas,Magallanes,trampas,101,11,10.52,1
CENTOLLA,2020,127.0,8,15,Punta Arenas,Magallanes,trampas,101,11,7.34,1
CENTOLLA,2020,127.0,8,15,Punta Arenas,Magallanes,trampas,101,11,5.6,1
CENTOLLA,2021,72.0,8,14,Punta Arenas,Magallanes,trampas,148,16,15.53,1
CENTOLLA,2021,72.0,8,14,Punta Arenas,Magallanes,trampas,148,16,14.95,1
CENTOLLA,2021,72.0,8,14,Punta Arenas,Magallanes,trampas,148,16,14.93,1
CENTOLLA,2021,72.0,8,14,Punta Arenas,Magallanes,trampas,148,16,20.7,1
CENTOLLA,2021,72.0,8,14,Punta Arenas,Magallanes,trampas,148,16,13.92,1
CENTOLLA,2021,72.0,8,14,Punta Arenas,Magallanes,trampas,148,16,13.29,1
CENTOLLA,2021,72.0,8,14,Punta Arenas,Magallanes,trampas,148,16,14.37,1
CENTOLLA,2021,72.0,8,14,Punta Arenas,Magallanes,trampas,148,16,12.4,1
CENTOLLA,2021,72.0,8,14,Punta Arenas,Magallanes,trampas,148,16,12.0,1
CENTOLLA,2021,72.0,8,14,Punta Arenas,Magallanes,trampas,148,16,11.42,1
CENTOLLA,2021,72.0,8,14,Punta Arenas,Magallanes,trampas,148,16,10.34,1
CENTOLLA,2021,72.0,8,14,Punta Arenas,Magallanes,trampas,148,16,9.13,1
CENTOLLA,2021,72.0,8,14,Punta Arenas,Magallanes,trampas,148,16,10.05,1
CENTOLLA,2021,72.0,8,14,Punta Arenas,Magallanes,trampas,148,16,8.29,1
CENTOLLA,2021,72.0,8,14,Punta Arenas,Magallanes,trampas,148,16,6.32,1
CENTOLLA,2022,,8,,Punta Arenas,Magallanes,trampas,163,5,15.45,1
CENTOLLA,2022,,8,,Punta Arenas,Magallanes,trampas,163,5,15.08,1
CENTOLLA,2022,,8,,Punta Arenas,Magallanes,trampas,163,5,14.9,1
CENTOLLA,2022,,8,,Punta Arenas,Magallanes,trampas,163,5,16.28,1
CENTOLLA,2022,,8,,Punta Arenas,Magallanes,trampas,163,5,20.88,1
CENTOLLA,2022,,8,,Punta Arenas,Magallanes,trampas,163,5,13.9,1
CENTOLLA,2022,,8,,Punta Arenas,Magallanes,trampas,163,5,13.43,1
CENTOLLA,2022,,8,,Punta Arenas,Magallanes,trampas,163,5,13.63,1
CENTOLLA,2022,,8,,Punta Arenas,Magallanes,trampas,163,5,12.27,1
CENTOLLA,2022,,8,,Punta Arenas,Magallanes,trampas,163,5,11.89,1
CENTOLLA,2022,,8,,Punta Arenas,Magallanes,trampas,163,5,11.94,1
CENTOLLA,2022,,8,,Punta Arenas,Magallanes,trampas,163,5,10.13,1
CENTOLLA,2022,,8,,Punta Arenas,Magallanes,trampas,163,5,9.75,1
CENTOLLA,2022,,8,,Punta Arenas,Magallanes,trampas,163,5,7.9,1
CENTOLLA,2022,,8,,Punta Arenas,Magallanes,trampas,163,5,5.93,1
CENTOLLA,2022,,8,,Punta Arenas,Magallanes,trampas,163,5,5.48,1
CENTOLLA,2023,,8,,Punta Arenas,Magallanes,trampas,108,9,18.69,1
CENTOLLA,2023,,8,,Punta Arenas,Magallanes,trampas,108,9,18.53,1
CENTOLLA,2023,,8,,Punta Arenas,Magallanes,trampas,108,9,18.1,1
CENTOLLA,2023,,8,,Punta Arenas,Magallanes,trampas,108,9,18.67,1
CENTOLLA,2023,,8,,Punta Arenas,Magallanes,trampas,108,9,20.12,1
CENTOLLA,2023,,8,,Punta Arenas,Magallanes,trampas,108,9,16.65,1
CENTOLLA,2023,,8,,Punta Arenas,Magallanes,trampas,108,9,14.95,1
CENTOLLA,2023,,8,,Punta Arenas,Magallanes,trampas,108,9,15.01,1
CENTOLLA,2023,,8,,Punta Arenas,Magallanes,trampas,108,9,13.53,1
CENTOLLA,2023,,8,,Punta Arenas,Magallanes,trampas,108,9,13.11,1
CENTOLLA,2023,,8,,Punta Arenas,Magallanes,trampas,108,9,12.43,1
CENTOLLA,2023,,8,,Punta Arenas,Magallanes,trampas,108,9,10.6,1
CENTOLLA,2023,,8,,Punta Arenas,Magallanes,trampas,108,9,10.41,1
CENTOLLA,2023,,8,,Punta Arenas,Magallanes,trampas,108,9,10.33,1
CENTOLLA,2023,,8,,Punta Arenas,Magallanes,trampas,108,9,7.24,1
CENTOLLA,2023,,8,,Punta Arenas,Magallanes,trampas,108,9,5.35,1
CENTOLLA,2023,,8,,Punta Arenas,Magallanes,trampas,108,9,4.87,1
CENTOLLA,2024,49.0,8,7,Punta Arenas,Magallanes,trampas,134,11,,1
CENTOLLA,2020,127.0,9,15,Punta Arenas,Magallanes,trampas,187,16,15.26,1
CENTOLLA,2020,127.0,9,15,Punta Arenas,Magallanes,trampas,187,16,14.79,1
CENTOLLA,2020,127.0,9,15,Punta Arenas,Magallanes,trampas,187,16,15.67,1
CENTOLLA,2020,127.0,9,15,Punta Arenas,Magallanes,trampas,187,16,16.84,1
CENTOLLA,2020,127.0,9,15,Punta Arenas,Magallanes,trampas,187,16,20.58,1
CENTOLLA,2020,127.0,9,15,Punta Arenas,Magallanes,trampas,187,16,14.64,1
CENTOLLA,2020,127.0,9,15,Punta Arenas,Magallanes,trampas,187,16,13.93,1
CENTOLLA,2020,127.0,9,15,Punta Arenas,Magallanes,trampas,187,16,14.17,1
CENTOLLA,2020,127.0,9,15,Punta Arenas,Magallanes,trampas,187,16,12.52,1
CENTOLLA,2020,127.0,9,15,Punta Arenas,Magallanes,trampas,187,16,12.17,1
CENTOLLA,2020,127.0,9,15,Punta Arenas,Magallanes,trampas,187,16,12.06,1
CENTOLLA,2020,127.0,9,15,Punta Arenas,Magallanes,trampas,187,16,11.35,1
CENTOLLA,2020,127.0,9,15,Punta Arenas,Magallanes,trampas,187,16,10.48,1
CENTOLLA,2020,127.0,9,15,Punta Arenas,Magallanes,trampas,187,16,11.15,1
CENTOLLA,2020,127.0,9,15,Punta Arenas,Magallanes,trampas,187,16,8.52,1
CENTOLLA,2020,127.0,9,15,Punta Arenas,Magallanes,trampas,187,16,5.87,1
CENTOLLA,2021,72.0,9,16,Punta Arenas,Magallanes,trampas,158,16,15.15,1
CENTOLLA,2021,72.0,9,16,Punta Arenas,Magallanes,trampas,158,16,14.69,1
CENTOLLA,2021,72.0,9,16,Punta Arenas,Magallanes,trampas,158,16,14.88,1
CENTOLLA,2021,72.0,9,16,Punta Arenas,Magallanes,trampas,158,16,16.85,1
CENTOLLA,2021,72.0,9,16,Punta Arenas,Magallanes,trampas,158,16,20.4,1
CENTOLLA,2021,72.0,9,16,Punta Arenas,Magallanes,trampas,158,16,13.83,1
CENTOLLA,2021,72.0,9,16,Punta Arenas,Magallanes,trampas,158,16,13.87,1
CENTOLLA,2021,72.0,9,16,Punta Arenas,Magallanes,trampas,158,16,14.05,1
CENTOLLA,2021,72.0,9,16,Punta Arenas,Magallanes,trampas,158,16,12.68,1
CENTOLLA,2021,72.0,9,16,Punta Arenas,Magallanes,trampas,158,16,12.57,1
CENTOLLA,2021,72.0,9,16,Punta Arenas,Magallanes,trampas,158,16,12.5,1
CENTOLLA,2021,72.0,9,16,Punta Arenas,Magallanes,trampas,158,16,11.59,1
CENTOLLA,2021,72.0,9,16,Punta Arenas,Magallanes,trampas,158,16,9.63,1
CENTOLLA,2021,72.0,9,16,Punta Arenas,Magallanes,trampas,158,16,11.09,1
CENTOLLA,2021,72.0,9,16,Punta Arenas,Magallanes,trampas,158,16,9.15,1
CENTOLLA,2021,72.0,9,16,Punta Arenas,Magallanes,trampas,158,16,6.48,1
CENTOLLA,2022,,9,,Punta Arenas,Magallanes,trampas,230,16,15.05,1
CENTOLLA,2022,,9,,Punta Arenas,Magallanes,trampas,230,16,14.5,1
CENTOLLA,2022,,9,,Punta Arenas,Magallanes,trampas,230,16,15.33,1
CENTOLLA,2022,,9,,Punta Arenas,Magallanes,trampas,230,16,16.19,1
CENTOLLA,2022,,9,,Punta Arenas,Magallanes,trampas,230,16,20.63,1
CENTOLLA,2022,,9,,Punta Arenas,Magallanes,trampas,230,16,14.21,1
CENTOLLA,2022,,9,,Punta Arenas,Magallanes,trampas,230,16,13.39,1
CENTOLLA,2022,,9,,Punta Arenas,Magallanes,trampas,230,16,14.03,1
CENTOLLA,2022,,9,,Punta Arenas,Magallanes,trampas,230,16,12.07,1
CENTOLLA,2022,,9,,Punta Arenas,Magallanes,trampas,230,16,11.94,1
CENTOLLA,2022,,9,,Punta Arenas,Magallanes,trampas,230,16,12.17,1
CENTOLLA,2022,,9,,Punta Arenas,Magallanes,trampas,230,16,11.25,1
CENTOLLA,2022,,9,,Punta Arenas,Magallanes,trampas,230,16,10.52,1
CENTOLLA,2022,,9,,Punta Arenas,Magallanes,trampas,230,16,8.26,1
CENTOLLA,2022,,9,,Punta Arenas,Magallanes,trampas,230,16,6.18,1
CENTOLLA,2022,,9,,Punta Arenas,Magallanes,trampas,230,16,5.55,1
CENTOLLA,2023,,9,,Punta Arenas,Magallanes,trampas,189,14,18.1,1
CENTOLLA,2023,,9,,Punta Arenas,Magallanes,trampas,189,14,17.87,1
CENTOLLA,2023,,9,,Punta Arenas,Magallanes,trampas,189,14,17.3,1
CENTOLLA,2023,,9,,Punta Arenas,Magallanes,trampas,189,14,18.08,1
CENTOLLA,2023,,9,,Punta Arenas,Magallanes,trampas,189,14,20.61,1
CENTOLLA,2023,,9,,Punta Arenas,Magallanes,trampas,189,14,15.07,1
CENTOLLA,2023,,9,,Punta Arenas,Magallanes,trampas,189,14,14.77,1
CENTOLLA,2023,,9,,Punta Arenas,Magallanes,trampas,189,14,14.85,1
CENTOLLA,2023,,9,,Punta Arenas,Magallanes,trampas,189,14,12.36,1
CENTOLLA,2023,,9,,Punta Arenas,Magallanes,trampas,189,14,12.29,1
CENTOLLA,2023,,9,,Punta Arenas,Magallanes,trampas,189,14,12.65,1
CENTOLLA,2023,,9,,Punta Arenas,Magallanes,trampas,189,14,11.0,1
CENTOLLA,2023,,9,,Punta Arenas,Magallanes,trampas,189,14,10.45,1
CENTOLLA,2023,,9,,Punta Arenas,Magallanes,trampas,189,14,10.65,1
CENTOLLA,2023,,9,,Punta Arenas,Magallanes,trampas,189,14,8.59,1
CENTOLLA,2023,,9,,Punta Arenas,Magallanes,trampas,189,14,5.59,1
CENTOLLA,2023,,9,,Punta Arenas,Magallanes,trampas,189,14,4.87,1
CENTOLLA,2024,49.0,9,7,Punta Arenas,Magallanes,trampas,180,11,,1
CENTOLLA,2020,127.0,10,23,Punta Arenas,Magallanes,trampas,257,13,16.1,1
CENTOLLA,2020,127.0,10,23,Punta Arenas,Magallanes,trampas,257,13,14.93,1
CENTOLLA,2020,127.0,10,23,Punta Arenas,Magallanes,trampas,257,13,15.94,1
CENTOLLA,2020,127.0,10,23,Punta Arenas,Magallanes,trampas,257,13,16.72,1
CENTOLLA,2020,127.0,10,23,Punta Arenas,Magallanes,trampas,257,13,21.01,1
CENTOLLA,2020,127.0,10,23,Punta Arenas,Magallanes,trampas,257,13,14.51,1
CENTOLLA,2020,127.0,10,23,Punta Arenas,Magallanes,trampas,257,13,14.68,1
CENTOLLA,2020,127.0,10,23,Punta Arenas,Magallanes,trampas,257,13,14.16,1
CENTOLLA,2020,127.0,10,23,Punta Arenas,Magallanes,trampas,257,13,12.2,1
CENTOLLA,2020,127.0,10,23,Punta Arenas,Magallanes,trampas,257,13,11.99,1
CENTOLLA,2020,127.0,10,23,Punta Arenas,Magallanes,trampas,257,13,12.03,1
CENTOLLA,2020,127.0,10,23,Punta Arenas,Magallanes,trampas,257,13,12.38,1
CENTOLLA,2020,127.0,10,23,Punta Arenas,Magallanes,trampas,257,13,10.79,1
CENTOLLA,2020,127.0,10,23,Punta Arenas,Magallanes,trampas,257,13,11.88,1
CENTOLLA,2020,127.0,10,23,Punta Arenas,Magallanes,trampas,257,13,9.94,1
CENTOLLA,2020,127.0,10,23,Punta Arenas,Magallanes,trampas,257,13,6.42,1
CENTOLLA,2021,72.0,10,11,Punta Arenas,Magallanes,trampas,269,16,15.22,1
CENTOLLA,2021,72.0,10,11,Punta Arenas,Magallanes,trampas,269,16,14.66,1
CENTOLLA,2021,72.0,10,11,Punta Arenas,Magallanes,trampas,269,16,15.49,1
CENTOLLA,2021,72.0,10,11,Punta Arenas,Magallanes,trampas,269,16,16.47,1
CENTOLLA,2021,72.0,10,11,Punta Arenas,Magallanes,trampas,269,16,20.69,1
CENTOLLA,2021,72.0,10,11,Punta Arenas,Magallanes,trampas,269,16,14.7,1
CENTOLLA,2021,72.0,10,11,Punta Arenas,Magallanes,trampas,269,16,14.47,1
CENTOLLA,2021,72.0,10,11,Punta Arenas,Magallanes,trampas,269,16,14.22,1
CENTOLLA,2021,72.0,10,11,Punta Arenas,Magallanes,trampas,269,16,12.7,1
CENTOLLA,2021,72.0,10,11,Punta Arenas,Magallanes,trampas,269,16,12.15,1
CENTOLLA,2021,72.0,10,11,Punta Arenas,Magallanes,trampas,269,16,12.92,1
CENTOLLA,2021,72.0,10,11,Punta Arenas,Magallanes,trampas,269,16,12.33,1
CENTOLLA,2021,72.0,10,11,Punta Arenas,Magallanes,trampas,269,16,10.28,1
CENTOLLA,2021,72.0,10,11,Punta Arenas,Magallanes,trampas,269,16,11.89,1
CENTOLLA,2021,72.0,10,11,Punta Arenas,Magallanes,trampas,269,16,10.06,1
CENTOLLA,2021,72.0,10,11,Punta Arenas,Magallanes,trampas,269,16,6.8,1
CENTOLLA,2022,,10,,Punta Arenas,Magallanes,trampas,150,12,15.24,1
CENTOLLA,2022,,10,,Punta Arenas,Magallanes,trampas,150,12,14.63,1
CENTOLLA,2022,,10,,Punta Arenas,Magallanes,trampas,150,12,16.07,1
CENTOLLA,2022,,10,,Punta Arenas,Magallanes,trampas,150,12,16.0,1
CENTOLLA,2022,,10,,Punta Arenas,Magallanes,trampas,150,12,21.23,1
CENTOLLA,2022,,10,,Punta Arenas,Magallanes,trampas,150,12,14.8,1
CENTOLLA,2022,,10,,Punta Arenas,Magallanes,trampas,150,12,14.23,1
CENTOLLA,2022,,10,,Punta Arenas,Magallanes,trampas,150,12,14.55,1
CENTOLLA,2022,,10,,Punta Arenas,Magallanes,trampas,150,12,12.56,1
CENTOLLA,2022,,10,,Punta Arenas,Magallanes,trampas,150,12,12.23,1
CENTOLLA,2022,,10,,Punta Arenas,Magallanes,trampas,150,12,12.47,1
CENTOLLA,2022,,10,,Punta Arenas,Magallanes,trampas,150,12,12.65,1
CENTOLLA,2022,,10,,Punta Arenas,Magallanes,trampas,150,12,11.59,1
CENTOLLA,2022,,10,,Punta Arenas,Magallanes,trampas,150,12,9.82,1
CENTOLLA,2022,,10,,Punta Arenas,Magallanes,trampas,150,12,6.67,1
CENTOLLA,2022,,10,,Punta Arenas,Magallanes,trampas,150,12,6.38,1
CENTOLLA,2023,,10,,Punta Arenas,Magallanes,trampas,152,11,17.03,1
CENTOLLA,2023,,10,,Punta Arenas,Magallanes,trampas,152,11,15.74,1
CENTOLLA,2023,,10,,Punta Arenas,Magallanes,trampas,152,11,17.42,1
CENTOLLA,2023,,10,,Punta Arenas,Magallanes,trampas,152,11,17.62,1
CENTOLLA,2023,,10,,Punta Arenas,Magallanes,trampas,152,11,20.65,1
CENTOLLA,2023,,10,,Punta Arenas,Magallanes,trampas,152,11,15.2,1
CENTOLLA,2023,,10,,Punta Arenas,Magallanes,trampas,152,11,14.78,1
CENTOLLA,2023,,10,,Punta Arenas,Magallanes,trampas,152,11,14.58,1
CENTOLLA,2023,,10,,Punta Arenas,Magallanes,trampas,152,11,12.85,1
CENTOLLA,2023,,10,,Punta Arenas,Magallanes,trampas,152,11,12.45,1
CENTOLLA,2023,,10,,Punta Arenas,Magallanes,trampas,152,11,12.49,1
CENTOLLA,2023,,10,,Punta Arenas,Magallanes,trampas,152,11,11.95,1
CENTOLLA,2023,,10,,Punta Arenas,Magallanes,trampas,152,11,12.05,1
CENTOLLA,2023,,10,,Punta Arenas,Magallanes,trampas,152,11,11.92,1
CENTOLLA,2023,,10,,Punta Arenas,Magallanes,trampas,152,11,10.61,1
CENTOLLA,2023,,10,,Punta Arenas,Magallanes,trampas,152,11,6.24,1
CENTOLLA,2023,,10,,Punta Arenas,Magallanes,trampas,152,11,5.79,1
CENTOLLA,2024,49.0,10,10,Punta Arenas,Magallanes,trampas,263,18,,1
CENTOLLA,2020,127.0,11,40,Punta Arenas,Magallanes,trampas,137,18,16.73,1
CENTOLLA,2020,127.0,11,40,Punta Arenas,Magallanes,trampas,137,18,15.7,1
CENTOLLA,2020,127.0,11,40,Punta Arenas,Magallanes,trampas,137,18,17.45,1
CENTOLLA,2020,127.0,11,40,Punta Arenas,Magallanes,trampas,137,18,17.21,1
CENTOLLA,2020,127.0,11,40,Punta Arenas,Magallanes,trampas,137,18,21.84,1
CENTOLLA,2020,127.0,11,40,Punta Arenas,Magallanes,trampas,137,18,14.98,1
CENTOLLA,2020,127.0,11,40,Punta Arenas,Magallanes,trampas,137,18,15.25,1
CENTOLLA,2020,127.0,11,40,Punta Arenas,Magallanes,trampas,137,18,14.96,1
CENTOLLA,2020,127.0,11,40,Punta Arenas,Magallanes,trampas,137,18,13.26,1
CENTOLLA,2020,127.0,11,40,Punta Arenas,Magallanes,trampas,137,18,12.97,1
CENTOLLA,2020,127.0,11,40,Punta Arenas,Magallanes,trampas,137,18,12.5,1
CENTOLLA,2020,127.0,11,40,Punta Arenas,Magallanes,trampas,137,18,13.63,1
CENTOLLA,2020,127.0,11,40,Punta Arenas,Magallanes,trampas,137,18,11.62,1
CENTOLLA,2020,127.0,11,40,Punta Arenas,Magallanes,trampas,137,18,13.12,1
CENTOLLA,2020,127.0,11,40,Punta Arenas,Magallanes,trampas,137,18,13.71,1
CENTOLLA,2020,127.0,11,40,Punta Arenas,Magallanes,trampas,137,18,7.45,1
CENTOLLA,2021,72.0,11,20,Punta Arenas,Magallanes,trampas,287,17,16.22,1
CENTOLLA,2021,72.0,11,20,Punta Arenas,Magallanes,trampas,287,17,15.65,1
CENTOLLA,2021,72.0,11,20,Punta Arenas,Magallanes,trampas,287,17,16.86,1
CENTOLLA,2021,72.0,11,20,Punta Arenas,Magallanes,trampas,287,17,16.35,1
CENTOLLA,2021,72.0,11,20,Punta Arenas,Magallanes,trampas,287,17,22.56,1
CENTOLLA,2021,72.0,11,20,Punta Arenas,Magallanes,trampas,287,17,15.46,1
CENTOLLA,2021,72.0,11,20,Punta Arenas,Magallanes,trampas,287,17,15.46,1
CENTOLLA,2021,72.0,11,20,Punta Arenas,Magallanes,trampas,287,17,14.95,1
CENTOLLA,2021,72.0,11,20,Punta Arenas,Magallanes,trampas,287,17,13.09,1
CENTOLLA,2021,72.0,11,20,Punta Arenas,Magallanes,trampas,287,17,12.86,1
CENTOLLA,2021,72.0,11,20,Punta Arenas,Magallanes,trampas,287,17,12.3,1
CENTOLLA,2021,72.0,11,20,Punta Arenas,Magallanes,trampas,287,17,13.58,1
CENTOLLA,2021,72.0,11,20,Punta Arenas,Magallanes,trampas,287,17,11.8,1
CENTOLLA,2021,72.0,11,20,Punta Arenas,Magallanes,trampas,287,17,13.26,1
CENTOLLA,2021,72.0,11,20,Punta Arenas,Magallanes,trampas,287,17,12.87,1
CENTOLLA,2021,72.0,11,20,Punta Arenas,Magallanes,trampas,287,17,7.6,1
CENTOLLA,2022,,11,,Punta Arenas,Magallanes,trampas,234,12,16.9,1
CENTOLLA,2022,,11,,Punta Arenas,Magallanes,trampas,234,12,15.67,1
CENTOLLA,2022,,11,,Punta Arenas,Magallanes,trampas,234,12,17.65,1
CENTOLLA,2022,,11,,Punta Arenas,Magallanes,trampas,234,12,16.93,1
CENTOLLA,2022,,11,,Punta Arenas,Magallanes,trampas,234,12,22.38,1
CENTOLLA,2022,,11,,Punta Arenas,Magallanes,trampas,234,12,16.27,1
CENTOLLA,2022,,11,,Punta Arenas,Magallanes,trampas,234,12,15.59,1
CENTOLLA,2022,,11,,Punta Arenas,Magallanes,trampas,234,12,15.93,1
CENTOLLA,2022,,11,,Punta Arenas,Magallanes,trampas,234,12,13.45,1
CENTOLLA,2022,,11,,Punta Arenas,Magallanes,trampas,234,12,13.44,1
CENTOLLA,2022,,11,,Punta Arenas,Magallanes,trampas,234,12,13.93,1
CENTOLLA,2022,,11,,Punta Arenas,Magallanes,trampas,234,12,14.21,1
CENTOLLA,2022,,11,,Punta Arenas,Magallanes,trampas,234,12,12.97,1
CENTOLLA,2022,,11,,Punta Arenas,Magallanes,trampas,234,12,13.29,1
CENTOLLA,2022,,11,,Punta Arenas,Magallanes,trampas,234,12,7.56,1
CENTOLLA,2022,,11,,Punta Arenas,Magallanes,trampas,234,12,8.01,1
CENTOLLA,2023,,11,,Punta Arenas,Magallanes,trampas,229,14,17.04,1
CENTOLLA,2023,,11,,Punta Arenas,Magallanes,trampas,229,14,16.54,1
CENTOLLA,2023,,11,,Punta Arenas,Magallanes,trampas,229,14,17.95,1
CENTOLLA,2023,,11,,Punta Arenas,Magallanes,trampas,229,14,17.99,1
CENTOLLA,2023,,11,,Punta Arenas,Magallanes,trampas,229,14,21.49,1
CENTOLLA,2023,,11,,Punta Arenas,Magallanes,trampas,229,14,15.55,1
CENTOLLA,2023,,11,,Punta Arenas,Magallanes,trampas,229,14,15.8,1
CENTOLLA,2023,,11,,Punta Arenas,Magallanes,trampas,229,14,15.09,1
CENTOLLA,2023,,11,,Punta Arenas,Magallanes,trampas,229,14,13.0,1
CENTOLLA,2023,,11,,Punta Arenas,Magallanes,trampas,229,14,13.08,1
CENTOLLA,2023,,11,,Punta Arenas,Magallanes,trampas,229,14,13.35,1
CENTOLLA,2023,,11,,Punta Arenas,Magallanes,trampas,229,14,13.11,1
CENTOLLA,2023,,11,,Punta Arenas,Magallanes,trampas,229,14,11.86,1
CENTOLLA,2023,,11,,Punta Arenas,Magallanes,trampas,229,14,12.3,1
CENTOLLA,2023,,11,,Punta Arenas,Magallanes,trampas,229,14,10.51,1
CENTOLLA,2023,,11,,Punta Arenas,Magallanes,trampas,229,14,7.0,1
CENTOLLA,2023,,11,,Punta Arenas,Magallanes,trampas,229,14,6.63,1
CENTOLLA,2024,49.0,11,8,Punta Arenas,Magallanes,trampas,149,12,,1
CENTOLLA,2020,127.0,12,31,Punta Arenas,Magallanes,trampas,229,12,17.28,0
CENTOLLA,2020,127.0,12,31,Punta Arenas,Magallanes,trampas,229,12,16.09,0
CENTOLLA,2020,127.0,12,31,Punta Arenas,Magallanes,trampas,229,12,18.54,0
CENTOLLA,2020,127.0,12,31,Punta Arenas,Magallanes,trampas,229,12,17.7,0
CENTOLLA,2020,127.0,12,31,Punta Arenas,Magallanes,trampas,229,12,23.08,0
CENTOLLA,2020,127.0,12,31,Punta Arenas,Magallanes,trampas,229,12,16.51,0
CENTOLLA,2020,127.0,12,31,Punta Arenas,Magallanes,trampas,229,12,16.14,0
CENTOLLA,2020,127.0,12,31,Punta Arenas,Magallanes,trampas,229,12,16.5,0
CENTOLLA,2020,127.0,12,31,Punta Arenas,Magallanes,trampas,229,12,13.52,0
CENTOLLA,2020,127.0,12,31,Punta Arenas,Magallanes,trampas,229,12,13.46,0
CENTOLLA,2020,127.0,12,31,Punta Arenas,Magallanes,trampas,229,12,12.57,0
CENTOLLA,2020,127.0,12,31,Punta Arenas,Magallanes,trampas,229,12,13.95,0
CENTOLLA,2020,127.0,12,31,Punta Arenas,Magallanes,trampas,229,12,12.51,0
CENTOLLA,2020,127.0,12,31,Punta Arenas,Magallanes,trampas,229,12,13.6,0
CENTOLLA,2020,127.0,12,31,Punta Arenas,Magallanes,trampas,229,12,13.64,0
CENTOLLA,2020,127.0,12,31,Punta Arenas,Magallanes,trampas,229,12,8.2,0
CENTOLLA,2021,72.0,12,8,Punta Arenas,Magallanes,trampas,114,13,17.4,0
CENTOLLA,2021,72.0,12,8,Punta Arenas,Magallanes,trampas,114,13,16.3,0
CENTOLLA,2021,72.0,12,8,Punta Arenas,Magallanes,trampas,114,13,17.68,0
CENTOLLA,2021,72.0,12,8,Punta Arenas,Magallanes,trampas,114,13,18.09,0
CENTOLLA,2021,72.0,12,8,Punta Arenas,Magallanes,trampas,114,13,23.52,0
CENTOLLA,2021,72.0,12,8,Punta Arenas,Magallanes,trampas,114,13,15.41,0
CENTOLLA,2021,72.0,12,8,Punta Arenas,Magallanes,trampas,114,13,16.1,0
CENTOLLA,2021,72.0,12,8,Punta Arenas,Magallanes,trampas,114,13,16.42,0
CENTOLLA,2021,72.0,12,8,Punta Arenas,Magallanes,trampas,114,13,15.31,0
CENTOLLA,2021,72.0,12,8,Punta Arenas,Magallanes,trampas,114,13,15.89,0
CENTOLLA,2021,72.0,12,8,Punta Arenas,Magallanes,trampas,114,13,13.82,0
CENTOLLA,2021,72.0,12,8,Punta Arenas,Magallanes,trampas,114,13,13.72,0
CENTOLLA,2021,72.0,12,8,Punta Arenas,Magallanes,trampas,114,13,13.79,0
CENTOLLA,2021,72.0,12,8,Punta Arenas,Magallanes,trampas,114,13,14.65,0
CENTOLLA,2021,72.0,12,8,Punta Arenas,Magallanes,trampas,114,13,16.93,0
CENTOLLA,2021,72.0,12,8,Punta Arenas,Magallanes,trampas,114,13,8.72,0
CENTOLLA,2022,,12,,Punta Arenas,Magallanes,trampas,120,15,17.64,0
CENTOLLA,2022,,12,,Punta Arenas,Magallanes,trampas,120,15,16.12,0
CENTOLLA,2022,,12,,Punta Arenas,Magallanes,trampas,120,15,19.28,0
CENTOLLA,2022,,12,,Punta Arenas,Magallanes,trampas,120,15,18.32,0
CENTOLLA,2022,,12,,Punta Arenas,Magallanes,trampas,120,15,23.95,0
CENTOLLA,2022,,12,,Punta Arenas,Magallanes,trampas,120,15,16.96,0
CENTOLLA,2022,,12,,Punta Arenas,Magallanes,trampas,120,15,17.43,0
CENTOLLA,2022,,12,,Punta Arenas,Magallanes,trampas,120,15,18.6,0
CENTOLLA,2022,,12,,Punta Arenas,Magallanes,trampas,120,15,14.87,0
CENTOLLA,2022,,12,,Punta Arenas,Magallanes,trampas,120,15,14.18,0
CENTOLLA,2022,,12,,Punta Arenas,Magallanes,trampas,120,15,13.43,0
CENTOLLA,2022,,12,,Punta Arenas,Magallanes,trampas,120,15,14.92,0
CENTOLLA,2022,,12,,Punta Arenas,Magallanes,trampas,120,15,14.34,0
CENTOLLA,2022,,12,,Punta Arenas,Magallanes,trampas,120,15,13.4,0
CENTOLLA,2022,,12,,Punta Arenas,Magallanes,trampas,120,15,8.48,0
CENTOLLA,2022,,12,,Punta Arenas,Magallanes,trampas,120,15,8.67,0
CENTOLLA,2023,,12,,Punta Arenas,Magallanes,trampas,183,13,17.77,0
CENTOLLA,2023,,12,,Punta Arenas,Magallanes,trampas,183,13,16.93,0
CENTOLLA,2023,,12,,Punta Arenas,Magallanes,trampas,183,13,19.42,0
CENTOLLA,2023,,12,,Punta Arenas,Magallanes,trampas,183,13,18.09,0
CENTOLLA,2023,,12,,Punta Arenas,Magallanes,trampas,183,13,22.34,0
CENTOLLA,2023,,12,,Punta Arenas,Magallanes,trampas,183,13,16.69,0
CENTOLLA,2023,,12,,Punta Arenas,Magallanes,trampas,183,13,16.13,0
CENTOLLA,2023,,12,,Punta Arenas,Magallanes,trampas,183,13,16.17,0
CENTOLLA,2023,,12,,Punta Arenas,Magallanes,trampas,183,13,14.22,0
CENTOLLA,2023,,12,,Punta Arenas,Magallanes,trampas,183,13,13.83,0
CENTOLLA,2023,,12,,Punta Arenas,Magallanes,trampas,183,13,13.45,0
CENTOLLA,2023,,12,,Punta Arenas,Magallanes,trampas,183,13,14.14,0
CENTOLLA,2023,,12,,Punta Arenas,Magallanes,trampas,183,13,14.82,0
CENTOLLA,2023,,12,,Punta Arenas,Magallanes,trampas,183,13,13.93,0
CENTOLLA,2023,,12,,Punta Arenas,Magallanes,trampas,183,13,13.57,0
CENTOLLA,2023,,12,,Punta Arenas,Magallanes,trampas,183,13,7.93,0
CENTOLLA,2023,,12,,Punta Arenas,Magallanes,trampas,183,13,8.05,0
CENTOLLA,2024,49.0,12,3,Punta Arenas,Magallanes,trampas,203,9,,0
